programme_id,code_programme,nom,version,description,duree_estimee
1,PRG0001,Programme FRAISAGE 0001,V1.1,Programme CNC pour fraisage,30
2,PRG0002,Programme PERCAGE 0002,V2.2,Programme CNC pour percage,92
3,PRG0003,Programme ALÉSAGE 0003,V3.5,Programme CNC pour alésage,15
4,PRG0004,Programme TARAUDAGE 0004,V3.4,Programme CNC pour taraudage,38
5,PRG0005,Programme FINITION 0005,V1.0,Programme CNC pour finition,13
6,PRG0006,Programme TOURNAGE 0006,V1.5,Programme CNC pour tournage,61
7,PRG0007,Programme FRAISAGE 0007,V1.0,Programme CNC pour fraisage,120
8,PRG0008,Programme PERCAGE 0008,V2.0,Programme CNC pour percage,10
9,PRG0009,Programme ALÉSAGE 0009,V2.0,Programme CNC pour alésage,26
10,PRG0010,Programme TARAUDAGE 0010,V3.3,Programme CNC pour taraudage,110
11,PRG0011,Programme FINITION 0011,V3.3,Programme CNC pour finition,68
12,PRG0012,Programme TOURNAGE 0012,V1.3,Programme CNC pour tournage,92
13,PRG0013,Programme FRAISAGE 0013,V2.1,Programme CNC pour fraisage,50
14,PRG0014,Programme PERCAGE 0014,V1.1,Programme CNC pour percage,40
15,PRG0015,Programme ALÉSAGE 0015,V2.3,Programme CNC pour alésage,118
16,PRG0016,Programme TARAUDAGE 0016,V1.0,Programme CNC pour taraudage,83
17,PRG0017,Programme FINITION 0017,V3.4,Programme CNC pour finition,36
18,PRG0018,Programme TOURNAGE 0018,V3.2,Programme CNC pour tournage,68
19,PRG0019,Programme FRAISAGE 0019,V2.4,Programme CNC pour fraisage,66
20,PRG0020,Programme PERCAGE 0020,V1.0,Programme CNC pour percage,40
21,PRG0021,Programme ALÉSAGE 0021,V2.1,Programme CNC pour alésage,58
22,PRG0022,Programme TARAUDAGE 0022,V1.5,Programme CNC pour taraudage,118
23,PRG0023,Programme FINITION 0023,V3.1,Programme CNC pour finition,85
24,PRG0024,Programme TOURNAGE 0024,V3.0,Programme CNC pour tournage,53
25,PRG0025,Programme FRAISAGE 0025,V3.2,Programme CNC pour fraisage,66
26,PRG0026,Programme PERCAGE 0026,V3.3,Programme CNC pour percage,49
27,PRG0027,Programme ALÉSAGE 0027,V3.4,Programme CNC pour alésage,46
28,PRG0028,Programme TARAUDAGE 0028,V2.2,Programme CNC pour taraudage,28
29,PRG0029,Programme FINITION 0029,V1.2,Programme CNC pour finition,81
30,PRG0030,Programme TOURNAGE 0030,V1.0,Programme CNC pour tournage,119
31,PRG0031,Programme FRAISAGE 0031,V2.0,Programme CNC pour fraisage,108
32,PRG0032,Programme PERCAGE 0032,V2.4,Programme CNC pour percage,50
33,PRG0033,Programme ALÉSAGE 0033,V3.1,Programme CNC pour alésage,25
34,PRG0034,Programme TARAUDAGE 0034,V1.1,Programme CNC pour taraudage,89
35,PRG0035,Programme FINITION 0035,V1.2,Programme CNC pour finition,73
36,PRG0036,Programme TOURNAGE 0036,V3.0,Programme CNC pour tournage,102
37,PRG0037,Programme FRAISAGE 0037,V1.4,Programme CNC pour fraisage,113
38,PRG0038,Programme PERCAGE 0038,V2.2,Programme CNC pour percage,112
39,PRG0039,Programme ALÉSAGE 0039,V1.1,Programme CNC pour alésage,35
40,PRG0040,Programme TARAUDAGE 0040,V3.2,Programme CNC pour taraudage,108
41,PRG0041,Programme FINITION 0041,V3.5,Programme CNC pour finition,50
42,PRG0042,Programme TOURNAGE 0042,V3.0,Programme CNC pour tournage,95
43,PRG0043,Programme FRAISAGE 0043,V3.2,Programme CNC pour fraisage,77
44,PRG0044,Programme PERCAGE 0044,V3.1,Programme CNC pour percage,77
45,PRG0045,Programme ALÉSAGE 0045,V1.3,Programme CNC pour alésage,74
46,PRG0046,Programme TARAUDAGE 0046,V2.1,Programme CNC pour taraudage,67
47,PRG0047,Programme FINITION 0047,V1.0,Programme CNC pour finition,12
48,PRG0048,Programme TOURNAGE 0048,V1.4,Programme CNC pour tournage,33
49,PRG0049,Programme FRAISAGE 0049,V1.4,Programme CNC pour fraisage,66
50,PRG0050,Programme PERCAGE 0050,V1.2,Programme CNC pour percage,83
51,PRG0051,Programme ALÉSAGE 0051,V1.1,Programme CNC pour alésage,48
52,PRG0052,Programme TARAUDAGE 0052,V3.1,Programme CNC pour taraudage,107
53,PRG0053,Programme FINITION 0053,V2.0,Programme CNC pour finition,7
54,PRG0054,Programme TOURNAGE 0054,V1.4,Programme CNC pour tournage,95
55,PRG0055,Programme FRAISAGE 0055,V1.0,Programme CNC pour fraisage,113
56,PRG0056,Programme PERCAGE 0056,V3.2,Programme CNC pour percage,14
57,PRG0057,Programme ALÉSAGE 0057,V2.5,Programme CNC pour alésage,89
58,PRG0058,Programme TARAUDAGE 0058,V2.4,Programme CNC pour taraudage,17
59,PRG0059,Programme FINITION 0059,V2.2,Programme CNC pour finition,46
60,PRG0060,Programme TOURNAGE 0060,V1.1,Programme CNC pour tournage,98
61,PRG0061,Programme FRAISAGE 0061,V2.5,Programme CNC pour fraisage,67
62,PRG0062,Programme PERCAGE 0062,V3.2,Programme CNC pour percage,27
63,PRG0063,Programme ALÉSAGE 0063,V3.4,Programme CNC pour alésage,93
64,PRG0064,Programme TARAUDAGE 0064,V3.2,Programme CNC pour taraudage,33
65,PRG0065,Programme FINITION 0065,V3.4,Programme CNC pour finition,109
66,PRG0066,Programme TOURNAGE 0066,V1.3,Programme CNC pour tournage,44
67,PRG0067,Programme FRAISAGE 0067,V3.5,Programme CNC pour fraisage,42
68,PRG0068,Programme PERCAGE 0068,V1.1,Programme CNC pour percage,98
69,PRG0069,Programme ALÉSAGE 0069,V1.5,Programme CNC pour alésage,78
70,PRG0070,Programme TARAUDAGE 0070,V2.4,Programme CNC pour taraudage,9
71,PRG0071,Programme FINITION 0071,V1.4,Programme CNC pour finition,45
72,PRG0072,Programme TOURNAGE 0072,V3.1,Programme CNC pour tournage,86
73,PRG0073,Programme FRAISAGE 0073,V3.0,Programme CNC pour fraisage,68
74,PRG0074,Programme PERCAGE 0074,V1.2,Programme CNC pour percage,100
75,PRG0075,Programme ALÉSAGE 0075,V1.1,Programme CNC pour alésage,49
76,PRG0076,Programme TARAUDAGE 0076,V2.1,Programme CNC pour taraudage,86
77,PRG0077,Programme FINITION 0077,V1.5,Programme CNC pour finition,90
78,PRG0078,Programme TOURNAGE 0078,V3.5,Programme CNC pour tournage,118
79,PRG0079,Programme FRAISAGE 0079,V2.3,Programme CNC pour fraisage,6
80,PRG0080,Programme PERCAGE 0080,V2.1,Programme CNC pour percage,36
81,PRG0081,Programme ALÉSAGE 0081,V3.0,Programme CNC pour alésage,49
82,PRG0082,Programme TARAUDAGE 0082,V2.0,Programme CNC pour taraudage,97
83,PRG0083,Programme FINITION 0083,V1.0,Programme CNC pour finition,54
84,PRG0084,Programme TOURNAGE 0084,V2.5,Programme CNC pour tournage,58
85,PRG0085,Programme FRAISAGE 0085,V1.3,Programme CNC pour fraisage,68
86,PRG0086,Programme PERCAGE 0086,V2.2,Programme CNC pour percage,74
87,PRG0087,Programme ALÉSAGE 0087,V2.0,Programme CNC pour alésage,111
88,PRG0088,Programme TARAUDAGE 0088,V2.4,Programme CNC pour taraudage,88
89,PRG0089,Programme FINITION 0089,V3.1,Programme CNC pour finition,25
90,PRG0090,Programme TOURNAGE 0090,V2.0,Programme CNC pour tournage,107
91,PRG0091,Programme FRAISAGE 0091,V1.2,Programme CNC pour fraisage,7
92,PRG0092,Programme PERCAGE 0092,V2.2,Programme CNC pour percage,18
93,PRG0093,Programme ALÉSAGE 0093,V1.2,Programme CNC pour alésage,26
94,PRG0094,Programme TARAUDAGE 0094,V2.1,Programme CNC pour taraudage,98
95,PRG0095,Programme FINITION 0095,V1.4,Programme CNC pour finition,119
96,PRG0096,Programme TOURNAGE 0096,V1.2,Programme CNC pour tournage,81
97,PRG0097,Programme FRAISAGE 0097,V3.3,Programme CNC pour fraisage,95
98,PRG0098,Programme PERCAGE 0098,V1.3,Programme CNC pour percage,88
99,PRG0099,Programme ALÉSAGE 0099,V1.4,Programme CNC pour alésage,118
100,PRG0100,Programme TARAUDAGE 0100,V2.1,Programme CNC pour taraudage,11
101,PRG0101,Programme FINITION 0101,V1.2,Programme CNC pour finition,31
102,PRG0102,Programme TOURNAGE 0102,V1.3,Programme CNC pour tournage,94
103,PRG0103,Programme FRAISAGE 0103,V3.5,Programme CNC pour fraisage,98
104,PRG0104,Programme PERCAGE 0104,V3.2,Programme CNC pour percage,89
105,PRG0105,Programme ALÉSAGE 0105,V2.2,Programme CNC pour alésage,35
106,PRG0106,Programme TARAUDAGE 0106,V1.0,Programme CNC pour taraudage,55
107,PRG0107,Programme FINITION 0107,V3.4,Programme CNC pour finition,112
108,PRG0108,Programme TOURNAGE 0108,V2.1,Programme CNC pour tournage,11
109,PRG0109,Programme FRAISAGE 0109,V2.0,Programme CNC pour fraisage,59
110,PRG0110,Programme PERCAGE 0110,V1.2,Programme CNC pour percage,110
111,PRG0111,Programme ALÉSAGE 0111,V3.5,Programme CNC pour alésage,81
112,PRG0112,Programme TARAUDAGE 0112,V2.1,Programme CNC pour taraudage,17
113,PRG0113,Programme FINITION 0113,V1.1,Programme CNC pour finition,26
114,PRG0114,Programme TOURNAGE 0114,V3.2,Programme CNC pour tournage,15
115,PRG0115,Programme FRAISAGE 0115,V2.0,Programme CNC pour fraisage,44
116,PRG0116,Programme PERCAGE 0116,V2.3,Programme CNC pour percage,67
117,PRG0117,Programme ALÉSAGE 0117,V3.2,Programme CNC pour alésage,16
118,PRG0118,Programme TARAUDAGE 0118,V3.4,Programme CNC pour taraudage,54
119,PRG0119,Programme FINITION 0119,V1.2,Programme CNC pour finition,118
120,PRG0120,Programme TOURNAGE 0120,V2.2,Programme CNC pour tournage,28
121,PRG0121,Programme FRAISAGE 0121,V2.0,Programme CNC pour fraisage,38
122,PRG0122,Programme PERCAGE 0122,V2.3,Programme CNC pour percage,38
123,PRG0123,Programme ALÉSAGE 0123,V1.2,Programme CNC pour alésage,77
124,PRG0124,Programme TARAUDAGE 0124,V1.1,Programme CNC pour taraudage,101
125,PRG0125,Programme FINITION 0125,V3.5,Programme CNC pour finition,17
126,PRG0126,Programme TOURNAGE 0126,V1.5,Programme CNC pour tournage,49
127,PRG0127,Programme FRAISAGE 0127,V3.3,Programme CNC pour fraisage,101
128,PRG0128,Programme PERCAGE 0128,V3.1,Programme CNC pour percage,75
129,PRG0129,Programme ALÉSAGE 0129,V1.3,Programme CNC pour alésage,109
130,PRG0130,Programme TARAUDAGE 0130,V3.3,Programme CNC pour taraudage,73
131,PRG0131,Programme FINITION 0131,V3.3,Programme CNC pour finition,78
132,PRG0132,Programme TOURNAGE 0132,V1.3,Programme CNC pour tournage,43
133,PRG0133,Programme FRAISAGE 0133,V1.3,Programme CNC pour fraisage,120
134,PRG0134,Programme PERCAGE 0134,V3.0,Programme CNC pour percage,69
135,PRG0135,Programme ALÉSAGE 0135,V3.4,Programme CNC pour alésage,107
136,PRG0136,Programme TARAUDAGE 0136,V3.5,Programme CNC pour taraudage,84
137,PRG0137,Programme FINITION 0137,V1.0,Programme CNC pour finition,101
138,PRG0138,Programme TOURNAGE 0138,V2.1,Programme CNC pour tournage,26
139,PRG0139,Programme FRAISAGE 0139,V1.1,Programme CNC pour fraisage,21
140,PRG0140,Programme PERCAGE 0140,V1.3,Programme CNC pour percage,15
141,PRG0141,Programme ALÉSAGE 0141,V3.3,Programme CNC pour alésage,30
142,PRG0142,Programme TARAUDAGE 0142,V3.1,Programme CNC pour taraudage,111
143,PRG0143,Programme FINITION 0143,V3.2,Programme CNC pour finition,45
144,PRG0144,Programme TOURNAGE 0144,V3.0,Programme CNC pour tournage,16
145,PRG0145,Programme FRAISAGE 0145,V2.4,Programme CNC pour fraisage,55
146,PRG0146,Programme PERCAGE 0146,V3.2,Programme CNC pour percage,114
147,PRG0147,Programme ALÉSAGE 0147,V2.4,Programme CNC pour alésage,63
148,PRG0148,Programme TARAUDAGE 0148,V1.5,Programme CNC pour taraudage,84
149,PRG0149,Programme FINITION 0149,V3.4,Programme CNC pour finition,105
150,PRG0150,Programme TOURNAGE 0150,V2.0,Programme CNC pour tournage,58
151,PRG0151,Programme FRAISAGE 0151,V1.1,Programme CNC pour fraisage,77
152,PRG0152,Programme PERCAGE 0152,V3.4,Programme CNC pour percage,102
153,PRG0153,Programme ALÉSAGE 0153,V1.0,Programme CNC pour alésage,77
154,PRG0154,Programme TARAUDAGE 0154,V1.2,Programme CNC pour taraudage,116
155,PRG0155,Programme FINITION 0155,V3.2,Programme CNC pour finition,117
156,PRG0156,Programme TOURNAGE 0156,V2.2,Programme CNC pour tournage,54
157,PRG0157,Programme FRAISAGE 0157,V3.3,Programme CNC pour fraisage,78
158,PRG0158,Programme PERCAGE 0158,V3.3,Programme CNC pour percage,9
159,PRG0159,Programme ALÉSAGE 0159,V1.2,Programme CNC pour alésage,56
160,PRG0160,Programme TARAUDAGE 0160,V1.4,Programme CNC pour taraudage,82
161,PRG0161,Programme FINITION 0161,V3.5,Programme CNC pour finition,56
162,PRG0162,Programme TOURNAGE 0162,V1.3,Programme CNC pour tournage,118
163,PRG0163,Programme FRAISAGE 0163,V2.5,Programme CNC pour fraisage,35
164,PRG0164,Programme PERCAGE 0164,V1.5,Programme CNC pour percage,65
165,PRG0165,Programme ALÉSAGE 0165,V2.2,Programme CNC pour alésage,7
166,PRG0166,Programme TARAUDAGE 0166,V2.2,Programme CNC pour taraudage,44
167,PRG0167,Programme FINITION 0167,V2.3,Programme CNC pour finition,114
168,PRG0168,Programme TOURNAGE 0168,V3.5,Programme CNC pour tournage,17
169,PRG0169,Programme FRAISAGE 0169,V1.1,Programme CNC pour fraisage,43
170,PRG0170,Programme PERCAGE 0170,V3.3,Programme CNC pour percage,104
171,PRG0171,Programme ALÉSAGE 0171,V2.2,Programme CNC pour alésage,98
172,PRG0172,Programme TARAUDAGE 0172,V2.4,Programme CNC pour taraudage,87
173,PRG0173,Programme FINITION 0173,V1.1,Programme CNC pour finition,61
174,PRG0174,Programme TOURNAGE 0174,V1.3,Programme CNC pour tournage,99
175,PRG0175,Programme FRAISAGE 0175,V2.4,Programme CNC pour fraisage,116
176,PRG0176,Programme PERCAGE 0176,V2.0,Programme CNC pour percage,70
177,PRG0177,Programme ALÉSAGE 0177,V1.0,Programme CNC pour alésage,44
178,PRG0178,Programme TARAUDAGE 0178,V3.4,Programme CNC pour taraudage,56
179,PRG0179,Programme FINITION 0179,V1.4,Programme CNC pour finition,117
180,PRG0180,Programme TOURNAGE 0180,V3.0,Programme CNC pour tournage,27
181,PRG0181,Programme FRAISAGE 0181,V1.1,Programme CNC pour fraisage,112
182,PRG0182,Programme PERCAGE 0182,V1.1,Programme CNC pour percage,9
183,PRG0183,Programme ALÉSAGE 0183,V2.0,Programme CNC pour alésage,51
184,PRG0184,Programme TARAUDAGE 0184,V3.1,Programme CNC pour taraudage,40
185,PRG0185,Programme FINITION 0185,V2.3,Programme CNC pour finition,69
186,PRG0186,Programme TOURNAGE 0186,V2.5,Programme CNC pour tournage,20
187,PRG0187,Programme FRAISAGE 0187,V3.0,Programme CNC pour fraisage,35
188,PRG0188,Programme PERCAGE 0188,V2.3,Programme CNC pour percage,81
189,PRG0189,Programme ALÉSAGE 0189,V2.1,Programme CNC pour alésage,116
190,PRG0190,Programme TARAUDAGE 0190,V2.4,Programme CNC pour taraudage,75
191,PRG0191,Programme FINITION 0191,V2.2,Programme CNC pour finition,25
192,PRG0192,Programme TOURNAGE 0192,V2.5,Programme CNC pour tournage,111
193,PRG0193,Programme FRAISAGE 0193,V3.0,Programme CNC pour fraisage,41
194,PRG0194,Programme PERCAGE 0194,V1.3,Programme CNC pour percage,11
195,PRG0195,Programme ALÉSAGE 0195,V1.4,Programme CNC pour alésage,104
196,PRG0196,Programme TARAUDAGE 0196,V1.1,Programme CNC pour taraudage,87
197,PRG0197,Programme FINITION 0197,V1.5,Programme CNC pour finition,31
198,PRG0198,Programme TOURNAGE 0198,V2.5,Programme CNC pour tournage,57
199,PRG0199,Programme FRAISAGE 0199,V3.0,Programme CNC pour fraisage,115
200,PRG0200,Programme PERCAGE 0200,V3.0,Programme CNC pour percage,65
201,PRG0201,Programme ALÉSAGE 0201,V1.5,Programme CNC pour alésage,27
202,PRG0202,Programme TARAUDAGE 0202,V3.0,Programme CNC pour taraudage,33
203,PRG0203,Programme FINITION 0203,V2.4,Programme CNC pour finition,108
204,PRG0204,Programme TOURNAGE 0204,V2.5,Programme CNC pour tournage,95
205,PRG0205,Programme FRAISAGE 0205,V3.2,Programme CNC pour fraisage,59
206,PRG0206,Programme PERCAGE 0206,V2.2,Programme CNC pour percage,63
207,PRG0207,Programme ALÉSAGE 0207,V2.1,Programme CNC pour alésage,64
208,PRG0208,Programme TARAUDAGE 0208,V2.5,Programme CNC pour taraudage,71
209,PRG0209,Programme FINITION 0209,V3.3,Programme CNC pour finition,79
210,PRG0210,Programme TOURNAGE 0210,V1.0,Programme CNC pour tournage,70
211,PRG0211,Programme FRAISAGE 0211,V3.2,Programme CNC pour fraisage,76
212,PRG0212,Programme PERCAGE 0212,V3.4,Programme CNC pour percage,82
213,PRG0213,Programme ALÉSAGE 0213,V2.2,Programme CNC pour alésage,92
214,PRG0214,Programme TARAUDAGE 0214,V1.3,Programme CNC pour taraudage,13
215,PRG0215,Programme FINITION 0215,V2.2,Programme CNC pour finition,86
216,PRG0216,Programme TOURNAGE 0216,V2.2,Programme CNC pour tournage,38
217,PRG0217,Programme FRAISAGE 0217,V3.5,Programme CNC pour fraisage,119
218,PRG0218,Programme PERCAGE 0218,V3.2,Programme CNC pour percage,29
219,PRG0219,Programme ALÉSAGE 0219,V1.4,Programme CNC pour alésage,102
220,PRG0220,Programme TARAUDAGE 0220,V1.0,Programme CNC pour taraudage,108
221,PRG0221,Programme FINITION 0221,V3.3,Programme CNC pour finition,89
222,PRG0222,Programme TOURNAGE 0222,V2.5,Programme CNC pour tournage,22
223,PRG0223,Programme FRAISAGE 0223,V3.0,Programme CNC pour fraisage,88
224,PRG0224,Programme PERCAGE 0224,V2.2,Programme CNC pour percage,38
225,PRG0225,Programme ALÉSAGE 0225,V2.3,Programme CNC pour alésage,54
226,PRG0226,Programme TARAUDAGE 0226,V3.0,Programme CNC pour taraudage,79
227,PRG0227,Programme FINITION 0227,V3.4,Programme CNC pour finition,109
228,PRG0228,Programme TOURNAGE 0228,V1.2,Programme CNC pour tournage,97
229,PRG0229,Programme FRAISAGE 0229,V3.1,Programme CNC pour fraisage,92
230,PRG0230,Programme PERCAGE 0230,V3.5,Programme CNC pour percage,105
231,PRG0231,Programme ALÉSAGE 0231,V2.5,Programme CNC pour alésage,50
232,PRG0232,Programme TARAUDAGE 0232,V3.2,Programme CNC pour taraudage,113
233,PRG0233,Programme FINITION 0233,V1.5,Programme CNC pour finition,117
234,PRG0234,Programme TOURNAGE 0234,V3.1,Programme CNC pour tournage,42
235,PRG0235,Programme FRAISAGE 0235,V1.3,Programme CNC pour fraisage,21
236,PRG0236,Programme PERCAGE 0236,V3.2,Programme CNC pour percage,97
237,PRG0237,Programme ALÉSAGE 0237,V3.1,Programme CNC pour alésage,92
238,PRG0238,Programme TARAUDAGE 0238,V2.5,Programme CNC pour taraudage,16
239,PRG0239,Programme FINITION 0239,V1.2,Programme CNC pour finition,33
240,PRG0240,Programme TOURNAGE 0240,V3.2,Programme CNC pour tournage,58
241,PRG0241,Programme FRAISAGE 0241,V2.2,Programme CNC pour fraisage,38
242,PRG0242,Programme PERCAGE 0242,V3.2,Programme CNC pour percage,64
243,PRG0243,Programme ALÉSAGE 0243,V1.3,Programme CNC pour alésage,11
244,PRG0244,Programme TARAUDAGE 0244,V3.4,Programme CNC pour taraudage,79
245,PRG0245,Programme FINITION 0245,V3.0,Programme CNC pour finition,65
246,PRG0246,Programme TOURNAGE 0246,V1.4,Programme CNC pour tournage,20
247,PRG0247,Programme FRAISAGE 0247,V3.3,Programme CNC pour fraisage,72
248,PRG0248,Programme PERCAGE 0248,V2.3,Programme CNC pour percage,11
249,PRG0249,Programme ALÉSAGE 0249,V1.1,Programme CNC pour alésage,30
250,PRG0250,Programme TARAUDAGE 0250,V2.3,Programme CNC pour taraudage,77
251,PRG0251,Programme FINITION 0251,V2.1,Programme CNC pour finition,45
252,PRG0252,Programme TOURNAGE 0252,V3.1,Programme CNC pour tournage,104
253,PRG0253,Programme FRAISAGE 0253,V1.3,Programme CNC pour fraisage,47
254,PRG0254,Programme PERCAGE 0254,V3.1,Programme CNC pour percage,45
255,PRG0255,Programme ALÉSAGE 0255,V3.0,Programme CNC pour alésage,5
256,PRG0256,Programme TARAUDAGE 0256,V2.2,Programme CNC pour taraudage,31
257,PRG0257,Programme FINITION 0257,V1.4,Programme CNC pour finition,102
258,PRG0258,Programme TOURNAGE 0258,V1.3,Programme CNC pour tournage,105
259,PRG0259,Programme FRAISAGE 0259,V1.1,Programme CNC pour fraisage,83
260,PRG0260,Programme PERCAGE 0260,V2.5,Programme CNC pour percage,59
261,PRG0261,Programme ALÉSAGE 0261,V2.3,Programme CNC pour alésage,66
262,PRG0262,Programme TARAUDAGE 0262,V2.0,Programme CNC pour taraudage,9
263,PRG0263,Programme FINITION 0263,V3.1,Programme CNC pour finition,98
264,PRG0264,Programme TOURNAGE 0264,V2.0,Programme CNC pour tournage,119
265,PRG0265,Programme FRAISAGE 0265,V2.4,Programme CNC pour fraisage,29
266,PRG0266,Programme PERCAGE 0266,V1.5,Programme CNC pour percage,5
267,PRG0267,Programme ALÉSAGE 0267,V3.5,Programme CNC pour alésage,36
268,PRG0268,Programme TARAUDAGE 0268,V1.5,Programme CNC pour taraudage,117
269,PRG0269,Programme FINITION 0269,V2.2,Programme CNC pour finition,21
270,PRG0270,Programme TOURNAGE 0270,V1.3,Programme CNC pour tournage,69
271,PRG0271,Programme FRAISAGE 0271,V3.2,Programme CNC pour fraisage,26
272,PRG0272,Programme PERCAGE 0272,V1.0,Programme CNC pour percage,43
273,PRG0273,Programme ALÉSAGE 0273,V2.3,Programme CNC pour alésage,98
274,PRG0274,Programme TARAUDAGE 0274,V3.4,Programme CNC pour taraudage,72
275,PRG0275,Programme FINITION 0275,V2.3,Programme CNC pour finition,118
276,PRG0276,Programme TOURNAGE 0276,V3.1,Programme CNC pour tournage,48
277,PRG0277,Programme FRAISAGE 0277,V2.2,Programme CNC pour fraisage,101
278,PRG0278,Programme PERCAGE 0278,V1.1,Programme CNC pour percage,108
279,PRG0279,Programme ALÉSAGE 0279,V2.0,Programme CNC pour alésage,34
280,PRG0280,Programme TARAUDAGE 0280,V1.5,Programme CNC pour taraudage,21
281,PRG0281,Programme FINITION 0281,V1.5,Programme CNC pour finition,7
282,PRG0282,Programme TOURNAGE 0282,V3.4,Programme CNC pour tournage,26
283,PRG0283,Programme FRAISAGE 0283,V1.2,Programme CNC pour fraisage,96
284,PRG0284,Programme PERCAGE 0284,V3.0,Programme CNC pour percage,53
285,PRG0285,Programme ALÉSAGE 0285,V3.2,Programme CNC pour alésage,103
286,PRG0286,Programme TARAUDAGE 0286,V3.4,Programme CNC pour taraudage,11
287,PRG0287,Programme FINITION 0287,V3.0,Programme CNC pour finition,89
288,PRG0288,Programme TOURNAGE 0288,V1.5,Programme CNC pour tournage,112
289,PRG0289,Programme FRAISAGE 0289,V1.0,Programme CNC pour fraisage,93
290,PRG0290,Programme PERCAGE 0290,V1.3,Programme CNC pour percage,61
291,PRG0291,Programme ALÉSAGE 0291,V2.0,Programme CNC pour alésage,75
292,PRG0292,Programme TARAUDAGE 0292,V2.3,Programme CNC pour taraudage,94
293,PRG0293,Programme FINITION 0293,V1.1,Programme CNC pour finition,93
294,PRG0294,Programme TOURNAGE 0294,V3.5,Programme CNC pour tournage,6
295,PRG0295,Programme FRAISAGE 0295,V2.3,Programme CNC pour fraisage,89
296,PRG0296,Programme PERCAGE 0296,V1.5,Programme CNC pour percage,71
297,PRG0297,Programme ALÉSAGE 0297,V2.4,Programme CNC pour alésage,82
298,PRG0298,Programme TARAUDAGE 0298,V3.1,Programme CNC pour taraudage,58
299,PRG0299,Programme FINITION 0299,V1.4,Programme CNC pour finition,97
300,PRG0300,Programme TOURNAGE 0300,V3.0,Programme CNC pour tournage,41
301,PRG0301,Programme FRAISAGE 0301,V1.0,Programme CNC pour fraisage,68
302,PRG0302,Programme PERCAGE 0302,V1.4,Programme CNC pour percage,30
303,PRG0303,Programme ALÉSAGE 0303,V2.4,Programme CNC pour alésage,30
304,PRG0304,Programme TARAUDAGE 0304,V2.5,Programme CNC pour taraudage,57
305,PRG0305,Programme FINITION 0305,V2.1,Programme CNC pour finition,10
306,PRG0306,Programme TOURNAGE 0306,V3.3,Programme CNC pour tournage,31
307,PRG0307,Programme FRAISAGE 0307,V3.3,Programme CNC pour fraisage,47
308,PRG0308,Programme PERCAGE 0308,V1.0,Programme CNC pour percage,6
309,PRG0309,Programme ALÉSAGE 0309,V3.0,Programme CNC pour alésage,19
310,PRG0310,Programme TARAUDAGE 0310,V3.5,Programme CNC pour taraudage,68
311,PRG0311,Programme FINITION 0311,V1.0,Programme CNC pour finition,104
312,PRG0312,Programme TOURNAGE 0312,V3.0,Programme CNC pour tournage,97
313,PRG0313,Programme FRAISAGE 0313,V3.0,Programme CNC pour fraisage,120
314,PRG0314,Programme PERCAGE 0314,V2.5,Programme CNC pour percage,34
315,PRG0315,Programme ALÉSAGE 0315,V2.2,Programme CNC pour alésage,38
316,PRG0316,Programme TARAUDAGE 0316,V2.0,Programme CNC pour taraudage,17
317,PRG0317,Programme FINITION 0317,V1.0,Programme CNC pour finition,114
318,PRG0318,Programme TOURNAGE 0318,V2.2,Programme CNC pour tournage,107
319,PRG0319,Programme FRAISAGE 0319,V3.2,Programme CNC pour fraisage,59
320,PRG0320,Programme PERCAGE 0320,V3.0,Programme CNC pour percage,17
321,PRG0321,Programme ALÉSAGE 0321,V1.0,Programme CNC pour alésage,114
322,PRG0322,Programme TARAUDAGE 0322,V1.5,Programme CNC pour taraudage,87
323,PRG0323,Programme FINITION 0323,V1.2,Programme CNC pour finition,50
324,PRG0324,Programme TOURNAGE 0324,V2.4,Programme CNC pour tournage,39
325,PRG0325,Programme FRAISAGE 0325,V3.0,Programme CNC pour fraisage,52
326,PRG0326,Programme PERCAGE 0326,V2.1,Programme CNC pour percage,19
327,PRG0327,Programme ALÉSAGE 0327,V2.3,Programme CNC pour alésage,63
328,PRG0328,Programme TARAUDAGE 0328,V2.3,Programme CNC pour taraudage,93
329,PRG0329,Programme FINITION 0329,V2.3,Programme CNC pour finition,88
330,PRG0330,Programme TOURNAGE 0330,V1.0,Programme CNC pour tournage,21
331,PRG0331,Programme FRAISAGE 0331,V3.5,Programme CNC pour fraisage,12
332,PRG0332,Programme PERCAGE 0332,V1.0,Programme CNC pour percage,58
333,PRG0333,Programme ALÉSAGE 0333,V3.3,Programme CNC pour alésage,107
334,PRG0334,Programme TARAUDAGE 0334,V3.5,Programme CNC pour taraudage,61
335,PRG0335,Programme FINITION 0335,V1.4,Programme CNC pour finition,53
336,PRG0336,Programme TOURNAGE 0336,V2.4,Programme CNC pour tournage,8
337,PRG0337,Programme FRAISAGE 0337,V3.5,Programme CNC pour fraisage,119
338,PRG0338,Programme PERCAGE 0338,V1.3,Programme CNC pour percage,67
339,PRG0339,Programme ALÉSAGE 0339,V1.3,Programme CNC pour alésage,61
340,PRG0340,Programme TARAUDAGE 0340,V1.0,Programme CNC pour taraudage,38
341,PRG0341,Programme FINITION 0341,V3.2,Programme CNC pour finition,6
342,PRG0342,Programme TOURNAGE 0342,V3.5,Programme CNC pour tournage,72
343,PRG0343,Programme FRAISAGE 0343,V3.4,Programme CNC pour fraisage,97
344,PRG0344,Programme PERCAGE 0344,V3.1,Programme CNC pour percage,90
345,PRG0345,Programme ALÉSAGE 0345,V2.4,Programme CNC pour alésage,71
346,PRG0346,Programme TARAUDAGE 0346,V3.5,Programme CNC pour taraudage,84
347,PRG0347,Programme FINITION 0347,V1.3,Programme CNC pour finition,89
348,PRG0348,Programme TOURNAGE 0348,V3.1,Programme CNC pour tournage,66
349,PRG0349,Programme FRAISAGE 0349,V2.5,Programme CNC pour fraisage,91
350,PRG0350,Programme PERCAGE 0350,V3.3,Programme CNC pour percage,24
351,PRG0351,Programme ALÉSAGE 0351,V3.4,Programme CNC pour alésage,11
352,PRG0352,Programme TARAUDAGE 0352,V1.5,Programme CNC pour taraudage,25
353,PRG0353,Programme FINITION 0353,V3.3,Programme CNC pour finition,114
354,PRG0354,Programme TOURNAGE 0354,V2.1,Programme CNC pour tournage,14
355,PRG0355,Programme FRAISAGE 0355,V2.2,Programme CNC pour fraisage,35
356,PRG0356,Programme PERCAGE 0356,V2.2,Programme CNC pour percage,11
357,PRG0357,Programme ALÉSAGE 0357,V3.1,Programme CNC pour alésage,75
358,PRG0358,Programme TARAUDAGE 0358,V3.3,Programme CNC pour taraudage,56
359,PRG0359,Programme FINITION 0359,V1.0,Programme CNC pour finition,63
360,PRG0360,Programme TOURNAGE 0360,V2.4,Programme CNC pour tournage,62
361,PRG0361,Programme FRAISAGE 0361,V1.3,Programme CNC pour fraisage,62
362,PRG0362,Programme PERCAGE 0362,V2.0,Programme CNC pour percage,68
363,PRG0363,Programme ALÉSAGE 0363,V3.5,Programme CNC pour alésage,7
364,PRG0364,Programme TARAUDAGE 0364,V1.3,Programme CNC pour taraudage,57
365,PRG0365,Programme FINITION 0365,V1.4,Programme CNC pour finition,75
366,PRG0366,Programme TOURNAGE 0366,V1.0,Programme CNC pour tournage,106
367,PRG0367,Programme FRAISAGE 0367,V3.4,Programme CNC pour fraisage,86
368,PRG0368,Programme PERCAGE 0368,V2.4,Programme CNC pour percage,76
369,PRG0369,Programme ALÉSAGE 0369,V1.5,Programme CNC pour alésage,90
370,PRG0370,Programme TARAUDAGE 0370,V2.2,Programme CNC pour taraudage,51
371,PRG0371,Programme FINITION 0371,V1.1,Programme CNC pour finition,113
372,PRG0372,Programme TOURNAGE 0372,V2.2,Programme CNC pour tournage,76
373,PRG0373,Programme FRAISAGE 0373,V3.4,Programme CNC pour fraisage,65
374,PRG0374,Programme PERCAGE 0374,V3.5,Programme CNC pour percage,51
375,PRG0375,Programme ALÉSAGE 0375,V3.3,Programme CNC pour alésage,19
376,PRG0376,Programme TARAUDAGE 0376,V1.5,Programme CNC pour taraudage,33
377,PRG0377,Programme FINITION 0377,V1.2,Programme CNC pour finition,50
378,PRG0378,Programme TOURNAGE 0378,V3.2,Programme CNC pour tournage,75
379,PRG0379,Programme FRAISAGE 0379,V3.2,Programme CNC pour fraisage,94
380,PRG0380,Programme PERCAGE 0380,V1.0,Programme CNC pour percage,119
381,PRG0381,Programme ALÉSAGE 0381,V1.3,Programme CNC pour alésage,22
382,PRG0382,Programme TARAUDAGE 0382,V3.5,Programme CNC pour taraudage,97
383,PRG0383,Programme FINITION 0383,V2.0,Programme CNC pour finition,37
384,PRG0384,Programme TOURNAGE 0384,V3.1,Programme CNC pour tournage,29
385,PRG0385,Programme FRAISAGE 0385,V1.3,Programme CNC pour fraisage,32
386,PRG0386,Programme PERCAGE 0386,V2.1,Programme CNC pour percage,96
387,PRG0387,Programme ALÉSAGE 0387,V2.0,Programme CNC pour alésage,101
388,PRG0388,Programme TARAUDAGE 0388,V2.0,Programme CNC pour taraudage,86
389,PRG0389,Programme FINITION 0389,V3.4,Programme CNC pour finition,20
390,PRG0390,Programme TOURNAGE 0390,V2.3,Programme CNC pour tournage,89
391,PRG0391,Programme FRAISAGE 0391,V3.4,Programme CNC pour fraisage,22
392,PRG0392,Programme PERCAGE 0392,V2.0,Programme CNC pour percage,72
393,PRG0393,Programme ALÉSAGE 0393,V3.0,Programme CNC pour alésage,75
394,PRG0394,Programme TARAUDAGE 0394,V2.4,Programme CNC pour taraudage,66
395,PRG0395,Programme FINITION 0395,V3.1,Programme CNC pour finition,93
396,PRG0396,Programme TOURNAGE 0396,V3.1,Programme CNC pour tournage,98
397,PRG0397,Programme FRAISAGE 0397,V1.0,Programme CNC pour fraisage,54
398,PRG0398,Programme PERCAGE 0398,V3.4,Programme CNC pour percage,82
399,PRG0399,Programme ALÉSAGE 0399,V2.4,Programme CNC pour alésage,117
400,PRG0400,Programme TARAUDAGE 0400,V2.3,Programme CNC pour taraudage,82
